Date,Sales,TV,Digital,Social Media,TV_AdStock,Digital_AdStock,Social Media_AdStock
2024-01-01,132.6419398526617,249.81604753894499,254.4410551203097,165.70631917239717,249.81604753894499,254.4410551203097,165.70631917239717
2024-01-02,185.14757942687137,480.2857225639665,484.4762255295657,425.82988809255284,630.1753510873334,560.8085420656586,492.1124157615117
2024-01-03,211.41724872657957,392.797576724562,462.14025678242547,366.07888827848006,770.9027873769621,630.382819402123,562.9238545830848
2024-01-04,179.29792367215165,339.46339367881467,178.31645391571857,309.2261699076477,802.0050661049919,367.43129973635547,534.3957117408817
2024-01-05,159.97746150078422,162.40745617697462,127.74452035006618,243.532193649401,643.6104958399698,237.97391027097282,457.2904783457537
2024-01-06,161.69721844615754,162.39780813448107,140.31120055097065,450.8802163252433,548.5641056384629,211.7033736322625,633.7964076635448
2024-01-07,147.8634802978102,123.23344486727979,107.28873026061989,256.9780429690542,452.37190825035754,170.79974235029863,510.49660603447205
2024-01-08,158.20549919955764,446.47045830997405,137.77718430237135,426.63977578863086,717.8936032601886,189.01710700746094,630.8384182024197
2024-01-09,196.75048061991873,340.4460046972835,373.20270936654276,275.65396342808737,771.1821666533966,429.90784146878104,527.9893307090553
2024-01-10,187.23725600818443,383.2290311184182,128.4754593840916,250.77777176996304,845.9383311104561,257.44781182472593,461.97350405358515
2024-01-11,172.70783284445397,108.23379771832097,227.59025211750452,285.07191426784254,615.7967963845946,304.8245956649223,469.8613158892766
2024-01-12,193.7132449521768,487.96394086479773,437.95012438778184,220.55114966565685,857.4420186955545,529.3975030872585,408.4956760213675
2024-01-13,178.64350870558928,432.9770563201687,109.30877429433035,399.04375207050043,947.4422675375014,268.1280252205079,562.4420224790474
2024-01-14,186.91386260942255,184.93564427131048,425.7873930355743,301.0881560369917,753.4010047938112,506.2258006017267,526.0649650286107
2024-01-15,196.08039706757882,172.72998688284025,212.74190990935998,192.88507805872692,624.770589759127,364.60965008987796,403.3110640701712
2024-01-16,175.95612463969587,173.36180394137352,147.2659310486625,459.8298293098274,548.2241577968498,256.6488260756259,621.1542549378959
2024-01-17,170.646175640464,221.69689718381508,378.6948661456603,253.55648854928455,550.631391861925,455.689513968348,502.0181905244429
2024-01-18,188.27062071473176,309.9025726528952,351.5771387119536,317.4211444455955,640.2814077700501,488.28399290245795,518.2284206553727
2024-01-19,197.11631899691392,272.7780074568463,450.98880541082116,462.5888443858188,656.9468521188763,597.4740032815586,669.8802126479679
2024-01-20,200.7620601123153,216.49165607921677,394.02841752155433,349.69519836559687,610.6597673505426,573.270618506022,617.6472834247841
2024-01-21,200.27627044891477,344.74115788895176,421.39237215393945,146.75921628334564,711.1370182992773,593.3735577057461,393.81812965325923
2024-01-22,190.22995904749442,155.79754426081672,212.8138290285226,475.93284944539005,582.4797552403832,390.82589634024646,633.4601013066938
2024-01-23,161.0036258069483,216.85785941408727,170.97581751188915,351.08322122856714,566.3457125583171,288.22358641396306,604.4672617512447
2024-01-24,183.5744738723472,246.5447373174767,400.24590065634334,233.96224586283444,586.352164852467,486.71297658053226,475.7491505633323
2024-01-25,170.10657255354536,282.4279936868144,422.7338957069056,155.7088290653549,634.2392925982946,568.7477886810652,346.00848929068786
2024-01-26,197.18381061661958,414.07038455720544,496.2020568002693,417.6100757081184,794.6139601161822,666.8263934045889,556.0134714243936
2024-01-27,195.9935366433551,179.8695128633439,265.0470707645706,348.02910237140543,656.6378889330532,465.0949887859473,570.434490941163
2024-01-28,172.79059299345215,305.69377536544465,248.80723431711326,313.38443679052864,699.6765087252766,388.33573095289745,541.5582331669939
2024-01-29,191.82018073974945,336.965827544817,410.56518429679875,457.55703322038306,756.7717327799829,527.0659035826679,674.1803264871807
2024-01-30,180.65800491892008,118.58016508799909,236.32141610120715,415.4388844898123,572.6432047559888,394.44118717600753,685.1110150846846
2024-01-31,201.5700571385213,343.01794076057536,472.3029302414259,160.66995189310046,686.6038636141686,590.6352863942282,434.7143579269743
2024-02-01,180.00202246493805,168.2096494749166,443.3651007372047,224.6888271182193,580.1719676434177,620.5556866554732,398.57457028900905
2024-02-02,136.28401247838093,126.0206371941118,271.5976109500074,199.3956559257863,474.1238177801624,457.76431694664933,358.8254840413899
2024-02-03,188.74667195245272,479.5542149013333,400.34842711659894,397.5785170290708,764.0285055694308,537.6777222005937,541.1087106456267
2024-02-04,214.23510765620347,486.25281322982374,401.81714963387293,113.41297389431175,944.6699165714822,563.1204662940511,329.8564581525624
2024-02-05,191.55120367973603,423.35893924658444,141.24954753437305,327.9558739485266,990.1608891894738,310.18568742258833,459.89845720955157
2024-02-06,216.03028532431492,221.84550766934828,461.0211626718267,404.9834742962762,815.9420411830325,554.0768688986032,588.9428571800968
2024-02-07,178.1679647934918,139.06884560255355,302.10094897914286,450.7062547046998,628.6340703123731,468.3240096487238,686.2833975767385
2024-02-08,182.1765168655026,373.69321060486277,430.5829864430967,236.832699486363,750.8736527922865,571.0801893377138,511.3460585170584
2024-02-09,191.8934971203896,276.0609974958405,228.0198404122447,428.5029218688051,726.5851891712125,399.3438972135588,633.0413452756285
2024-02-10,189.80362158065626,148.81529393791152,458.2092913984802,144.2526947820829,584.766407440639,578.0124605625479,397.4692328923343
2024-02-11,187.75588469773373,298.0707640445081,255.68067149366524,438.5809166938073,648.9306085088915,429.0844096624296,597.568609850741
2024-02-12,164.83117304953734,113.75540844608736,104.33506059211935,150.99546493279297,503.11377355142224,233.0603834908482,390.02290887308936
2024-02-13,197.5100653296392,463.7281608315128,462.15279056770544,258.9149162241469,765.5964249623662,532.0709056149599,414.9240797733827
2024-02-14,178.43717705082568,203.51199264000678,136.51467071445342,418.91814631182143,662.8698476174266,296.1359423989414,584.8877782211746
2024-02-15,182.4295727409211,365.0089137415928,227.72545503616595,159.9669709395095,762.7308223120488,316.56623775584836,393.92208222797933
2024-02-16,195.61796689431353,224.6844304357644,480.024786820322,191.7005580930566,682.3229238229936,574.9946581470765,349.26939098424833
2024-02-17,212.52307146547946,308.0272084711243,480.24285877502246,388.9010273572265,717.4209627649204,652.7412562191454,528.6087837509258
2024-02-18,207.5415891303677,318.68411173731187,329.37515524931445,388.01461461842973,749.136689396264,525.197532115058,599.4581281188
2024-02-19,205.19887849705177,173.94178221021082,352.73488486791973,356.4590531541189,623.4237958479692,510.2941445024371,596.2423044016389
2024-02-20,189.68209833948305,487.83385110582344,279.3782087913279,377.57937778684,861.888128614605,432.466452142059,616.0762995474955
2024-02-21,195.8324698602565,410.05312934444584,217.28430867922583,317.0897773390385,927.1860065132089,347.0242443218435,563.5202971580368
2024-02-22,187.53200492904853,475.7995766256756,231.4658181479664,200.7196235627811,1032.1111805336009,335.57309144451943,426.12774242599585
2024-02-23,195.36052217206105,457.93094017105955,369.00738243081537,238.2783974015678,1077.1976484912202,469.6793098641712,408.7294943719661
2024-02-24,195.8107407329812,339.1599915244341,400.949811775072,172.63908672057028,985.4785806191662,541.8536047343234,336.1308844693567
2024-02-25,222.2213905571393,468.74969400924675,416.6316174903394,463.3802245334513,1060.0368423807465,579.1876989106364,597.832578321194
2024-02-26,207.09645868064956,135.3970008207678,415.8472571178215,333.3567179064482,771.4191062492157,589.6035667910124,572.4897492349257
2024-02-27,175.8155256207689,178.3931449676581,136.48244121947613,260.34056670545596,641.2446087171875,313.3635112567798,489.3364663994263
2024-02-28,168.6430288252011,118.09091556421522,297.7681218810326,284.8023214576531,502.83768079452767,391.7771752580665,480.53690801742357
2024-02-29,166.00426004916233,230.13213230530573,123.02350400665772,478.91333584472613,531.8347407820223,240.55665658407764,671.1280990516956
2024-03-01,181.15815299440152,255.4709158757928,319.8115529294942,161.3405612464321,574.5717603450062,391.9785499047175,429.7918008671103
2024-03-02,159.49892368560322,208.53961270955836,276.6122005493508,334.49193280671886,553.282668916562,394.205765520766,506.408653153563
2024-03-03,199.4346914400416,431.4950036607717,455.08167310331993,302.3554715537864,763.464605010709,573.3434027595497,504.91893281521163
2024-03-04,185.324566252355,242.70133067743572,240.36600502083147,344.5816941738591,700.7800936838611,412.36902584869637,546.5492672999437
2024-03-05,170.59405025454146,212.3738038749523,146.82680657104234,107.2440735283362,632.841860085269,270.5375143256513,325.8637804483137
2024-03-06,157.7811797885107,317.0784332632994,157.19667282113434,448.8495635776606,696.7835493144607,238.3579271188297,579.1950757569861
2024-03-07,202.89801919880142,156.36968998990505,404.6042526869889,472.847312993445,574.4398195785815,476.11163082263784,704.5253432962394
2024-03-08,197.8589979352124,420.8787923016159,347.2872253265044,326.05327343568354,765.5426840487647,490.1207145732958,607.8634107541793
2024-03-09,173.77609246326895,129.82025747190832,140.4490704491161,378.6603295507569,589.1458679011671,287.48528482110487,621.8056938524287
2024-03-10,177.52104272746624,494.7547746402069,133.64272244599897,468.9997524709183,848.2422953809071,219.88830789233043,717.7220300118897
2024-03-11,207.08024736334002,408.89790771866296,380.387652583648,382.89545372535946,917.8432849472072,446.3541449513471,669.9842657301153
2024-03-12,170.90034806814973,179.48627261366897,129.1052025456774,161.01561716570455,730.1922435819934,263.0114460310815,429.0093234577507
2024-03-13,194.78139789652863,102.20884684944096,428.74402371614246,330.5153440667253,540.3241929986369,507.6474575254669,502.1190734498256
2024-03-14,182.1933115660309,426.18457138193367,382.4968908625985,342.6860185531424,750.3790871811159,534.7911281202386,543.5336479330726
2024-03-15,181.4540976775429,382.74293753904686,132.5395122567599,269.6522685209544,832.9703898477164,292.9768506928315,487.06572769418347
2024-03-16,184.08274936720647,391.60286721639494,133.93508563407676,394.57769424988913,891.3851011250248,221.8281408419262,589.4039853275625
2024-03-17,211.4848299172415,408.5081386743783,494.65583140047016,473.74680590760596,943.3391993493932,561.2042736530481,709.508400038631
2024-03-18,186.80090176930705,129.61786069363615,249.70831830244813,470.2274051627105,695.621380303272,418.0696003983626,754.0307651781629
2024-03-19,176.76104394498532,243.38629141770903,248.25685882675637,280.33574856165285,660.7591195996722,373.67773894626515,581.948054632918
2024-03-20,183.20663256480555,146.34762381005189,425.119826903001,145.2952183363021,542.8030955698551,537.2231485868806,378.0744401894693
2024-03-21,191.00687008699072,445.2413703502374,478.89943095354346,493.9364795849338,770.9232276921505,640.0663755296076,645.1662556607215
2024-03-22,225.96620813827028,349.3192507310232,494.4004255291484,435.55923457837366,811.8731873463134,686.4203381880307,693.6257368426623
2024-03-23,192.57448850183388,232.35920994105967,401.35127410357666,149.86507248130675,719.4831223488477,607.2773755599858,427.31536721837165
2024-03-24,182.92653839831164,125.42334011440946,250.5038342123663,468.33675304694896,557.1132135237181,432.687046880362,639.2628999342976
2024-03-25,173.77048871134863,224.3929286862649,133.4002866794675,447.9585448248513,558.6608568004957,263.20640074357607,703.6637047985703
2024-03-26,179.86111434203977,230.07332881069883,410.8587663709747,307.53522285042885,565.2698428909962,489.8206865940475,589.000704769857
2024-03-27,190.02778093948157,391.84247133522564,323.361699894322,336.51017429797173,731.0043770698234,470.30790587253625,572.1104562059145
2024-03-28,166.84473029070057,355.0229885420853,269.6888036987905,259.6010815480521,793.6256147839792,410.78117546055137,488.4452640304179
2024-03-29,210.2548307366908,454.88509703053063,462.5417540378944,121.90465552881253,931.0604659009182,585.7761066760598,317.2827611409797
2024-03-30,189.623508510953,288.8859700647797,144.47899292246052,234.07889665836038,847.5222496053306,320.2118249252785,360.99200111475227
2024-03-31,164.22284941960578,147.83769837532068,297.0500417163437,421.14137943920457,656.351048138519,393.1135891939272,565.5381798851055
2024-04-01,162.53058362954104,385.297914889198,104.54145790696762,101.85280920184114,779.1085437723094,222.4755346651458,328.06808115588336
2024-04-02,170.56562391303896,404.31401944675895,287.4642567976505,233.39966867645768,871.7791457101446,354.20691719719423,364.62690113881104
2024-04-03,171.05773307912872,324.5108790277985,122.52131027273494,259.26747743637736,847.5783664538852,228.7833854318932,405.1182378919018
2024-04-04,183.936198600819,408.3868719818244,147.52716650722877,314.9582411751692,916.9338918541555,216.16218213679673,477.0055363319299
2024-04-05,188.9680837765655,297.5182385457563,147.01049871084194,467.9422465651042,847.6785736582495,211.85915335188096,658.7444610978762
2024-04-06,201.02398050538108,309.0931317527976,359.6841208464254,238.5383977463845,817.7002759477473,423.2418668519897,502.03618218553504
2024-04-07,206.40638044244798,271.0164073434198,398.41795170616933,238.78128075849108,761.6365729120682,525.3905117617662,439.5957536327051
2024-04-08,182.53568872398924,110.16765069763808,333.34750603886386,395.00049924389936,567.149594444879,490.9646595673937,570.8388006969815
2024-04-09,178.55208436572232,143.15657079732176,484.86901938981674,280.88717635592286,483.4463274642491,632.1584172600349,509.2226966347155
2024-04-10,165.9596613284782,112.5716742746937,249.94823180948163,189.8419291759928,402.63947075324313,439.5957569874921,393.531007829879
2024-04-11,176.9847985871789,354.56416450551217,214.28483451274428,280.9758064530773,596.147846957458,346.1635616089919,438.3882095850289
2024-04-12,170.95299756129816,225.74239243053069,447.4396512757841,156.34280815191994,583.4311006050054,551.2887197584816,331.6980919859315
2024-04-13,186.75873342465854,303.42827646588114,189.43833540778104,170.55479460248932,653.4869368288844,354.8249513353255,303.23403139686195
2024-04-14,211.69296471477531,463.0265895704372,485.2890157762445,299.3471090957919,855.1187516677678,591.7365011768422,420.64072165453666
2024-04-15,169.2391487209246,199.71689165954996,104.86178987592653,267.57017980181917,712.7881426602107,282.3827402289792,435.82646846363383
2024-04-16,192.50396009092728,264.1531692142519,487.95153068305564,465.93836042724,691.8260548103783,572.6663527517494,640.2689478126936
2024-04-17,172.33165741565819,402.22045541721945,117.26396478023045,244.95755964665324,817.3160883034463,289.06387060575526,501.0651387717307
2024-04-18,194.2714624984111,191.51926619664897,456.45724547922845,332.2353401112174,681.9089191787168,543.1764066609551,532.6613956199096
2024-04-19,179.60461719773164,130.7919639315172,311.08044363451995,352.90571516781216,539.9373154387473,474.03336563280646,565.9702734157761
2024-04-20,197.59862708531833,215.90058116550722,497.18591844772016,105.23778263533346,539.8629704287556,639.3959281375621,331.62589200164393
2024-04-21,161.63950808997097,164.48851490160177,129.51862589415956,365.41494880668427,488.4062971588551,321.3374043354282,498.0653056073419
2024-04-22,187.8498101423497,471.87906093702924,321.5417137605283,171.21438674790056,764.9228392323423,417.94293506115673,370.4405089908373
2024-04-23,211.84728542531235,423.2481518257668,487.7210142476396,484.42812698778204,882.2018553651722,613.1038947659865,632.604330584117
2024-04-24,198.65965355300958,353.36150260416935,309.2391376680595,159.46509110124518,882.6826158232726,493.1703060978555,412.506823334892
2024-04-25,199.51154105390862,448.58423607508706,351.759455254105,265.8496494908095,978.1938055690507,499.7105470834616,430.85237882476633
2024-04-26,208.94784685790177,421.4688307596458,378.29947559384686,134.13986723145754,1008.3851141010762,528.2126397188854,306.48081876136405
2024-04-27,200.0710336767635,174.62802355441434,281.8164259071093,498.7497007383789,779.65909201506,440.28021782277494,621.3420282429246
2024-04-28,205.97127124179946,457.0235993959911,351.0232320336254,300.87800413249704,924.8190546050271,483.1072973804579,549.4148154296669
2024-04-29,204.63679085962565,315.7368967662603,333.72572476924006,338.1540069280175,870.6283295292766,478.6579139833774,557.9199330998842
2024-04-30,196.64876841090148,422.976062065625,460.46320419639557,126.830590955371,945.3530597831909,604.0605783914087,349.9985641953247
2024-05-01,194.66612188850988,458.4365199693973,118.17855213658315,399.98418815967113,1025.648355839312,299.39672565400576,539.983613837801
2024-05-02,190.7965518153401,227.20138998874555,212.38527583689213,183.9622372382343,842.5904034923327,302.20429353309385,399.95568277335474
2024-05-03,201.63498646733143,144.0207698110707,480.1645936306235,459.2217157762855,649.5750119064703,570.8258816905516,619.2039888856275
2024-05-04,181.81916437751192,191.17406501677667,456.10551355636653,182.05585619280288,580.9190721606589,627.353278063532,429.7374517470539
2024-05-05,178.55465967245027,270.8431154505025,282.26270111428516,176.27508826546662,619.3945587468978,470.4686845333448,348.1700689642882
2024-05-06,190.44403986445192,427.20590636899726,348.0530391206147,114.61986713923795,798.842641617136,489.1936444806181,253.88789472495324
2024-05-07,178.93419914560837,444.2922333025374,210.95247319245306,288.8267780439997,923.597818272819,357.71056653663845,390.381935933981
2024-05-08,156.3318727299737,102.78085221247628,175.24846388950454,325.9364533050466,656.9395431761676,282.56163385049604,482.089227678639
2024-05-09,170.95555623824632,304.2989210310263,285.4793619759929,126.28345577134095,698.4626469367269,370.2478521311417,319.11914684279657
2024-05-10,171.22275630183515,266.9644012595116,241.34089121042112,410.2110466780042,686.0419894215477,352.41524684976366,537.8587054151228
2024-05-11,179.9092575637414,188.8431241882921,333.4624447403488,281.315533899211,600.4683178412207,439.18701879527794,496.45901606526013
2024-05-12,145.77549866562765,147.94614693347313,131.09385478599393,309.756107731032,508.22713763820553,262.84996042457726,508.3397141571361
2024-05-13,192.52439061123184,235.0460685614512,489.7579230664666,276.3050987752913,539.9823511443744,568.6129111938398,479.6409844381458
2024-05-14,200.48191649540917,477.16388156500767,494.48429779184113,260.3052243501304,801.1532922516324,665.0681711499931,452.1616181253887
2024-05-15,206.9006141242126,229.2811728083021,379.26468560789806,323.85613252328716,709.9731481592815,578.785136952896,504.72077977344264
2024-05-16,183.87147780001322,307.51624869734644,314.43854653764816,162.09609837228498,733.5001375929153,488.07408762351696,363.98441028166206
2024-05-17,179.9811051552962,381.2075835580711,223.81104651453109,172.77125219810844,821.3076661138202,370.23327280158617,318.3650163107733
2024-05-18,195.27032006978322,245.4518409517176,425.51800788277944,444.7142484054069,738.2364406200097,536.5879897232553,572.0602549297163
2024-05-19,203.7087558518592,488.7128330883843,373.89246902155173,478.4461848534531,931.65469746039,534.8688659385283,707.2702868253396
2024-05-20,218.92893152420282,484.9789179768445,165.04677573795652,249.32372651190119,1043.9717364530784,325.507435519515,532.231841242037
2024-05-21,193.99370275892522,200.71291833014567,464.370873797537,208.2978692574215,827.0959602019927,562.0231044533915,421.19060575423634
2024-05-22,213.58509221690593,298.89940235695417,429.0148971692676,357.59981729560633,795.1569784781498,597.6218285052851,526.0760595973009
2024-05-23,190.8902299678591,220.35132392670786,479.9199653167696,263.49366843923855,697.4455110135978,659.2065138683552,473.9240922781589
2024-05-24,191.377195105419,213.93619775098705,390.287803355344,110.15454226413794,632.4035043591457,588.0497575158506,299.72417917540156
2024-05-25,179.7115674860082,114.75477894181311,345.366078374316,162.46103894647615,494.1968815573005,521.7810056290712,282.3507106166368
2024-05-26,180.66181992530156,343.82573359195874,267.29721451624755,386.388891538959,640.3438625263391,423.8315162049689,499.3291757856137
2024-05-27,193.47215441256853,301.07160929154463,473.0913933416053,363.56957676406057,685.2779268073481,600.240848203096,563.301247078306
2024-05-28,184.15928549894946,120.59150049999573,446.42555580016335,110.83839700139339,531.7582565844045,626.4978102610921,336.1588958327158
2024-05-29,156.67329954538542,211.45858569464457,118.08746804247576,188.7888647731798,530.5135396452872,306.0368111208034,323.2524231062661
2024-05-30,188.94154001418963,463.3063543866615,110.5467897989008,192.42991863522855,781.6144781738337,202.35783313514182,321.730887877735
2024-05-31,172.8405405771648,195.82475626678897,250.58534675121984,368.75709743949136,664.7934431710892,311.2926966917624,497.44945259058534
2024-06-01,183.705239713357,157.95794883648924,424.2213323127332,107.88421510174567,556.8340147391427,517.6091413202619,306.8639961379798
2024-06-02,209.25745301921438,295.78110411102523,494.9104517259778,141.64343279382953,629.8815129545109,650.1931941220564,264.38903124902146
2024-06-03,179.0359063648143,494.2601816442403,160.16675644141128,419.96643414927576,872.1890894169468,355.2247146780282,525.7220466488843
2024-06-04,183.3721569923974,196.82210860460015,337.652286140854,171.41786482173345,720.1355622547683,444.2197005442625,381.7066834812872
2024-06-05,183.61813022019965,368.8542189623514,252.3563426524086,361.0984431407499,800.9355563152124,385.6222528156874,513.7811165332648
2024-06-06,203.71483610980076,404.64784613148703,487.96575912584126,195.2731124186906,885.2091799206144,603.6524349705475,400.7855590319965
2024-06-07,192.95709400742345,195.05501759695989,436.8475692542835,139.77655710373807,726.1805255493284,617.9432997454477,300.0907807165367
2024-06-08,193.20728528765392,391.2865394447438,435.3314818844551,197.26887639978162,826.9948547743409,620.7144718080895,317.3051886863963
2024-06-09,192.4898050309195,247.11325308770128,287.4772639179881,388.9067727422637,743.3101659523057,473.69160546041496,515.8288482168223
2024-06-10,181.42022021801228,352.92233223743176,265.9278009350661,442.2785872425143,798.9084318088152,408.03528257319056,648.6101265292432
2024-06-11,198.8145075192665,353.41188430435784,209.3628287722825,432.0879458267966,832.756943389647,331.7734135442397,691.5319964384939
2024-06-12,180.76246418030544,314.3098736299034,122.55019866037085,258.87341184738193,813.9640396636916,222.08222272364276,535.4862104227795
2024-06-13,184.734033976809,136.11590802176332,445.88895050202126,367.2340546282585,624.4943318199782,512.5136173191141,581.4285387973703
2024-06-14,194.74115977102502,434.1209982356952,425.16040365203105,181.9937181663284,808.817597327682,578.9144888477653,414.5651336852765
2024-06-15,203.81270248760572,228.31202598869433,499.8870693144522,217.2590921044053,713.6025843853035,673.5614159687818,383.08514557851595
2024-06-16,196.56389892230573,174.6074041599417,498.65473482956213,458.5343274084479,602.7689547911239,700.7231596201966,611.7683856398543
2024-06-17,195.1067868361536,116.31005662190557,322.172682241051,105.20076940429442,477.9714294965799,532.38963012711,349.90812366023613
2024-06-18,188.34620729858332,336.35717727529675,407.5949660722042,134.2034123417872,623.1400349732446,567.3118551103372,274.16666180588163
2024-06-19,201.81074268218845,371.02574473691294,477.90629195297123,183.1545020584109,744.9097657208597,648.0998484860723,292.8211667807636
2024-06-20,192.06885366695366,106.63513157114247,439.8589562709646,110.61288154952788,553.5809910036583,634.2889108167863,227.7413482618333
2024-06-21,165.10285267099943,304.8372233197124,198.93924069727905,172.57417403591893,636.9858179219073,389.22591394231495,263.67071334065224
2024-06-22,184.44897141572636,190.59831007917518,280.2176541240374,333.2166243878769,572.7898008323195,396.9854283067319,438.6849097241378
2024-06-23,171.21454858332223,358.06911616377994,151.663766060598,268.5698202369992,701.7429966631717,270.75939455261755,444.0437841266543
2024-06-24,203.10951747396876,169.74657160199658,481.62041090348896,457.0686844307899,590.7923695998995,562.8482292692743,634.6861980814517
2024-06-25,195.89449750709244,376.37509524098635,342.469853780352,426.9774246953764,730.8505170009261,511.3243225611343,680.8519039279571
2024-06-26,190.69338928843842,254.69413852021495,191.4571222013851,236.7269406791504,693.2044487207706,344.8544189697254,509.06770225033324
2024-06-27,198.53699109104602,474.6919954946938,368.68027376234267,203.769373372517,890.6146647271562,472.13659945326026,407.3964542726503
2024-06-28,207.85037749731535,155.0083776583973,347.25129618315833,251.87696326690676,689.377176494691,488.8922760191364,414.83554497596685
2024-06-29,175.06361359902306,236.4265404201034,243.2650872131362,336.1179770059231,650.052846316918,389.93277001887714,502.0521949963098
2024-06-30,162.0501692358982,145.38940849623563,145.42303687985162,207.22545632915052,535.4211162863865,262.40286788551475,408.04633432767446
2024-07-01,180.41509737980493,469.8774473114251,368.6292782371198,349.65956313965364,791.1301170832569,447.3501386027742,512.8780968707234
2024-07-02,190.44143494878665,450.9357413523924,308.1230803615173,263.7646608764962,925.6138116023465,442.3281219423495,468.91589962478554
2024-07-03,202.6957328087306,203.17665108606224,408.9273566942557,320.8188723407921,758.5449380474702,541.6257932769606,508.38523219070635
2024-07-04,204.2276656476458,363.99361841367164,308.0654004447973,274.45061165412665,819.1205812421538,470.55313842788553,477.8047045304092
2024-07-05,234.3984938598266,426.88888008048633,440.87260012741604,217.7863038167671,918.3612288257787,582.0385416557817,408.90818562893077
2024-07-06,201.6068457821457,322.0803246397849,320.7627355097942,479.3813227848627,873.097061935252,495.3742980065287,642.944597036435
2024-07-07,190.17139228436508,311.8602313424026,324.37518861415447,405.4423176639043,835.7184685035537,472.9874780161131,662.6201564784783
2024-07-08,202.479272221281,196.74091636018068,450.66144106333803,156.04527030658102,698.1719974623129,592.5576844681719,421.09333289797235
2024-07-09,170.13651492655777,137.2411071223597,261.39314648495883,447.3871903591651,556.1443055997474,439.1604518254104,615.824523518354
2024-07-10,184.3388250227711,458.8863031813307,153.6060913802563,294.97247929980546,792.5728865411791,285.3542269278794,541.302288707147
2024-07-11,177.76279185307152,460.1672228653322,111.51307052533559,457.82089075763656,935.7109547900395,197.11933860369942,674.3418062404953
2024-07-12,205.43492854726878,353.24058290930714,402.0549022694476,419.9421023789261,914.6671557833308,461.19070385055744,689.6788248751243
2024-07-13,205.42826200397715,235.61191641948028,348.12382054138584,270.0854017876934,784.4122098894787,486.48103169655303,545.9569317377432
2024-07-14,186.43643571871738,239.68382984506437,381.63190723968944,108.98772332804695,710.3311557787516,527.5762167486554,327.37049602314426
2024-07-15,187.7870957292035,390.38227154809573,185.1856646035643,207.47094375397842,816.5809650153467,343.45852962816093,338.41914216323613
2024-07-16,190.33875184744517,458.84410398103086,154.5485902347079,316.65368586434676,948.7926829902389,257.58614912315613,452.0213427296412
2024-07-17,163.235685322916,454.8345697060469,105.81786626715277,353.39128793045893,1024.1101795001903,183.0937110040996,534.1998250223154
2024-07-18,178.42290991317816,411.9502183430495,240.23502352263878,203.15507417328092,1026.4163260431637,295.1631368238687,416.83500418220706
2024-07-19,176.65062829260742,356.8126584617151,335.96707474185325,155.74242962912965,972.6624540876132,424.51601578901386,322.4764313020125
2024-07-20,203.50911778717423,133.65598599801953,256.8976180398929,433.9720947197196,717.2534584505875,384.2524227765971,562.9626672405246
2024-07-21,181.48589260776322,164.6514856378455,274.98996880949164,493.76087228142086,595.0035607081979,390.26569564247075,718.9459391776307
2024-07-22,222.86457109843698,459.4216754108317,461.66347779749935,310.27607292107433,816.4238118357505,578.7431864902405,597.8544485921266
2024-07-23,170.560188976641,342.57162386383595,239.30218680932015,168.6717143393214,832.4259109652862,412.9251427563923,407.81349377617204
2024-07-24,169.94835103861982,103.67882064665186,305.5957956639243,208.9229306077476,603.1343672258236,429.473338490842,372.04832811821643
2024-07-25,184.19796887924005,140.58861714641284,413.4612050964572,107.3562706189867,502.469237481907,542.3032066437098,256.17560186627327
2024-07-26,185.88719744573612,365.40070764322235,258.61711292850805,465.7195226241996,666.8822501323666,421.308074921621,568.189763370709
2024-07-27,179.68575646957103,102.02463353848748,348.8346800911494,147.10043315605645,502.15398361790744,475.2271025676357,374.3763385043401
2024-07-28,172.15450110869688,164.32322056699945,444.9454834986981,330.6065902057014,465.6156107377439,587.5136142689888,480.35712560743747
2024-07-29,208.24911389328932,319.49351574663444,479.8082494630568,209.6220882748824,598.8628821892808,656.0623337437535,401.7649385178574
2024-07-30,187.49711406908827,376.7580790770773,158.82939237161517,321.67120100631735,736.0758083906458,355.6480924947412,482.37717641346035
2024-07-31,206.9296834989116,360.7845038010402,470.63505006459775,360.5681553407457,802.4299888354276,577.32947781302,553.5190259061299
2024-08-01,183.90494184487366,189.7077237842239,296.84651723181526,431.89672148288065,671.1657170854804,470.04536057572125,653.3043318453326
2024-08-02,183.4781735382298,384.8716885390144,203.29775531958336,182.56850870424128,787.5711187903025,344.31136349229973,443.8902414423743
2024-08-03,169.87166528836,194.89963499872005,283.65430249530453,104.3983314633922,667.4423062729015,386.94771154299445,281.9544280403419
2024-08-04,171.70021923447172,230.1598792637071,492.0130301141908,154.7542520275229,630.625263027448,608.0973435770892,267.53602324365966
2024-08-05,193.7131287106922,398.59656204720966,297.04723759714784,460.00745673924206,776.9717198636785,479.4764406702746,567.0218660367059
2024-08-06,190.05293502310687,359.85315961888585,231.5006441150033,449.5560310250061,826.0361915370929,375.34357631608566,676.3647774396885
2024-08-07,212.95197677978882,439.6893641976712,353.3603417266903,338.9652408681233,935.311079119927,465.963414621516,609.5111518439987
2024-08-08,168.25544369561302,363.04515692013734,196.05824751127722,340.20674417346135,924.2318043920934,335.847271897732,584.0112049110609
2024-08-09,182.9216600655299,327.32344133418866,130.34533124346558,366.01466981850217,881.8625239694447,231.09951281278518,599.6191517829266
2024-08-10,151.74411516811213,137.469907131237,151.55188876425967,170.14851144937984,666.5874215129038,220.88174260809524,409.99617216255047
2024-08-11,171.83569821482442,247.0863212237734,151.21833558310897,465.7647783699839,647.0387741315157,217.48285836553754,629.7632472350041
2024-08-12,167.12089119204427,206.08094707269018,160.76107740491773,267.5082099568292,594.3042115515996,226.00593491457897,519.4135088508308
2024-08-13,158.53770785076267,197.5958573516334,155.53086905976406,253.255411299799,554.1783842825931,223.33264953413774,461.0208148401313
2024-08-14,197.78573153563534,489.2042219009782,356.34989792128584,307.56708211313503,821.7112524705341,423.34969278152715,491.97540804918754
2024-08-15,158.50348330187444,257.23908986670415,172.75203375965793,118.78638671002201,750.2658413490246,299.7569415941161,315.5765499296971
2024-08-16,191.46394953568173,456.8186220708453,238.26691332954528,166.51334750243177,906.9781268802601,328.1939958077801,292.7439674743106
2024-08-17,197.69454368759892,352.45545039890516,458.71536396240475,395.2134465705482,896.6423265270612,557.1735627047387,512.3110335602724
2024-08-18,178.91676377289627,417.9245214166594,289.58465610514895,133.1194671700506,955.9099173328962,456.73672491657055,338.0438805941596
2024-08-19,195.62396058848975,301.0548372420768,367.0230954084109,341.26084378655526,874.6007876418145,504.044112883382,476.47839602421914
2024-08-20,159.09775075110156,330.76155385054363,168.92794848065193,198.13964387252838,855.5220264356324,320.1411823456665,388.7310022822161
2024-08-21,177.23070996597204,297.00707752754556,176.9156075234683,255.71824561679063,810.3202933889249,272.95796222716825,411.2106465296771
2024-08-22,157.8796035454103,178.09719511921782,116.34744650659155,215.47749470827995,664.2893711525728,198.23483517474205,379.9617533201508
2024-08-23,181.70576435349193,388.9808461046021,167.57402522886582,242.26908658597966,787.5544687961458,227.04447578128844,394.25378791404
2024-08-24,179.45487800272448,212.30894497634233,211.43613561278346,387.6183620736982,684.8416262540297,279.54947834717,545.3198772393142
2024-08-25,145.59442683590774,109.72638657258153,170.8041937106987,218.84868624927,520.6313623249994,254.6690372148497,436.9766371449957
2024-08-26,157.1356251793994,358.1889183628671,135.48101350282224,326.5618561187589,670.5677357578668,211.88172466727713,501.35251097675723
2024-08-27,165.54023409156324,170.84427176281957,148.25434844024034,290.42016087963987,573.1849132175396,211.81886584042348,490.9611652703428
2024-08-28,194.15967050824807,476.18343374116574,284.3115072130903,365.46846614505927,820.0943816716895,347.85716696521735,561.8529322531964
2024-08-29,204.84185519415726,481.5714308010349,182.533487362317,474.7318957299032,973.6280598040486,286.8906374518822,699.4730686311818
2024-08-30,211.3777752940647,465.9457560881794,245.7079444192302,393.02883888410014,1050.1225919706085,331.77513565479484,672.8180663365729
2024-08-31,188.73668292394655,248.06348010217775,301.36690834194275,185.9761514363027,878.1370352845429,400.8994490383812,455.1033779709319
2024-09-01,183.82945906107275,106.18264661154697,376.1579314517461,112.47325402451386,633.0648677822727,496.42776616326046,294.51460521288664
2024-09-02,186.39930098164663,471.32742503509013,115.72485593643958,204.90561771993004,851.1663457044538,264.6531857854177,322.7114598050847
2024-09-03,190.0118706281239,271.2736593269257,419.76415956361706,338.03117228010194,781.973466749598,499.16011529924236,467.1157562021358
2024-09-04,200.88471631989006,486.6619276174678,351.16015579636314,120.57032539370013,955.8460076672266,500.90819038613586,307.4166278745545
2024-09-05,184.962452067546,485.44799083570115,132.70361277954876,298.54649888049454,1058.9555954360371,282.9760698953895,421.51315003031635
2024-09-06,206.2855894640467,441.203782186944,449.4314496427109,338.7371395667557,1076.5771394485662,534.3242706113277,507.34239957888224
2024-09-07,207.06087800414673,217.77955682783426,468.3489602127253,233.69755632678434,863.7258404969739,628.6462413961236,436.63451615833725
2024-09-08,174.27086042126433,254.0390914407701,124.4311839419455,408.36488149832877,772.2745957389544,313.0250563607826,583.0186879616637
2024-09-09,179.5299009613228,440.45466860674276,210.7510592588815,142.63930125350873,903.8194260501155,304.6585761671163,375.8467764381742
2024-09-10,177.62553571878425,226.76880206251107,422.48051191722453,130.0551126943235,769.0604576925804,513.8780847673594,280.3938232695932
2024-09-11,188.9420998730475,167.797098674437,399.30387615346336,391.2755024814413,629.2333732899851,553.4673015836712,503.43303178927863
2024-09-12,181.67190941738306,322.72050498334005,173.8084077425509,298.1965264824794,700.2605289573312,339.84859821765224,499.56973919819086
2024-09-13,178.95448632137712,474.4619096643124,183.7397293346841,375.36095857109444,894.6182270387111,285.6943087999798,575.1888542503708
2024-09-14,187.68402528474306,378.4119186699892,248.1888411165528,273.9309354414985,915.1828548932158,333.89713375654674,504.0064771416468
2024-09-15,188.77330384563527,328.024468035746,293.8091940764085,198.56081329564273,877.1341809716755,393.9783342033725,400.1634041523015
2024-09-16,192.6537255945474,138.8705975083074,347.3019086121184,427.6409270696799,665.1511060913126,465.49540887313015,587.7062887306005
2024-09-17,186.54147159525343,346.00289067966787,247.56545582790898,419.7663515875917,745.0935543344553,387.214078489848,654.848867079832
2024-09-18,209.30133990602516,496.0215400417053,285.01388645325915,377.8785883417707,943.0776726423785,401.17811000021356,639.8181351737035
2024-09-19,170.57572579861196,156.0336060946096,398.9883752535026,208.8580548919851,721.8802096800366,519.3418082535667,464.7853089614665
2024-09-20,203.69878540990493,307.33186094549467,114.67328115623916,336.0922667476348,740.4599867535167,270.47582363230913,522.0063903322214
2024-09-21,172.2150888342405,450.94922877118216,200.9747777376083,244.38955877601072,895.2252208232921,282.11752482730105,453.19211490889927
2024-09-22,197.84132681631093,396.30744710168176,385.33983435382095,136.63282933065366,933.442579595657,469.97509180201126,317.90967529421334
2024-09-23,203.30761312403266,378.8062963981072,458.08273507487974,466.9254301848971,938.8718441555013,599.0752626154831,594.0893003025824
2024-09-24,204.18089822463168,380.9936335948437,304.67097684626646,154.72745236758456,944.3167400881445,484.39355563091135,392.3631724886175
2024-09-25,199.04929993233375,243.79646048790207,312.84539410612626,480.094941528321,810.3865045407888,458.16346079539966,637.040210523768
2024-09-26,167.09827587180573,217.43673770579733,142.8688045359104,278.4023091831823,703.6686404302706,280.3178427745303,533.2183933926894
2024-09-27,193.6931956082965,423.74446219140543,278.96494672938184,174.05317153544786,845.9456464495677,363.0602995617409,387.34052889252365
2024-09-28,192.84912592234454,424.0453578716723,313.0469065820092,316.7603789513432,931.6127457414129,421.9649964505315,471.6965905083527
2024-09-29,200.78391327215573,446.8289274320415,196.98820145389186,449.1783343505633,1005.7965748768893,323.5777003890513,637.8569705539044
2024-09-30,188.08974072875478,465.2962210225885,207.69729237975238,392.88995456382446,1068.774165948722,304.77060249646775,648.0327427853863
2024-10-01,194.8239109669898,304.5369595443751,250.91366524184906,422.6244591445799,945.8014591136083,342.3448459907894,681.8375562587344
2024-10-02,199.3844480472729,300.60651787487984,108.02847911109055,363.51334668428694,868.0873933430448,210.73193290832737,636.2483691877808
2024-10-03,198.9445795636973,419.31807158671006,228.8316662332713,376.910625807141,940.170507592537,292.0512461057695,631.4099734822533
2024-10-04,191.82343502884072,359.98557231110607,184.57920279861787,439.6782606261277,924.0878768666282,272.1945766303487,692.2422500190291
2024-10-05,181.58827379041514,380.7867509030813,230.99894087116587,199.86720354367438,935.2394770230583,312.6573138602705,476.7641035512861
2024-10-06,183.5784556153595,418.31706777444043,147.90485272770047,295.7699854572562,979.4607539882754,241.7020468857816,486.47562687777065
2024-10-07,207.94953229102728,456.00213672702654,456.210912295958,188.4837767278409,1043.6785891199918,528.7215263616924,383.0740274789492
2024-10-08,206.6957247319453,235.19806274061432,337.43698142161946,495.0672031986588,861.4052162126094,496.05343933012716,648.2968141902385
2024-10-09,191.33204106046946,250.2331810559776,371.6409276577958,477.6237358746453,767.0763107835432,520.4569594568339,736.9424615507407
2024-10-10,194.63688566717715,137.5927759363476,415.6684954429353,115.77072454740235,597.8385624064736,571.8055832799855,410.5477091676987
2024-10-11,177.6717876538213,331.3120563984696,299.3768795716229,382.23006900627536,690.0151938423537,470.9185545556186,546.4491526733549
2024-10-12,185.47442398322482,114.37690951869683,134.76811523496949,470.09932696626635,528.3860258241091,276.04368160165507,688.6789880356083
2024-10-13,167.69076760779225,286.2392072529841,314.8426167274191,172.23013805093342,603.2708227474495,397.65572120791563,447.70173326517676
2024-10-14,188.42771722480856,317.05785388303065,334.73644720835165,327.17809222105177,679.0203475315004,454.03316357072634,506.2587855271225
2024-10-15,203.96468529826888,214.61650085131376,398.17578967373197,466.19531903521676,622.028709370214,534.3857387449499,668.6988332460658
2024-10-16,179.02382700905304,336.3333042276043,272.6638184918718,113.57839143431954,709.5505298497326,432.9795401153567,381.05792473274585
2024-10-17,168.71833804125316,112.20009997561976,151.03212111822552,378.968106898736,537.9304178854593,280.9259831528325,531.3912767918343
2024-10-18,173.00462779464837,114.93927549968576,213.5103623194898,218.9396029490203,437.69752623096133,297.7881572653395,431.496113665754
2024-10-19,186.26322384668654,429.0402242638633,245.23291855945405,469.7584781506122,691.65874000244,334.5693657390559,642.3569236169138
2024-10-20,195.56907985077797,244.07625656450514,358.3668965326405,488.4232980661471,659.0715005659691,458.73770625435725,745.3660675129127
2024-10-21,171.01570270083803,150.8242050607539,328.31132186756474,477.70659564537357,546.2671054003354,465.9326337438719,775.8530226505386
2024-10-22,171.07394114598395,308.89730402192174,242.4386903591385,289.6856866629855,636.6575672621229,382.21848048230004,600.026895723201
2024-10-23,219.25536540983674,407.99742123944435,494.60609951719186,444.8170603957254,789.991961596718,609.2716436618819,684.8278186850058
2024-10-24,202.07552272519868,186.32841099873727,342.3099277427549,437.81975941402817,660.323587956768,525.0914208413194,711.7508868880304
2024-10-25,188.04584765025274,349.15619032760014,194.89071669439778,227.64018929730224,745.3503431016609,352.41814294679364,512.3405440525144
2024-10-26,174.23157568808844,134.1389859975072,140.7129890481615,431.56618966027094,581.3491918585037,246.4384319321996,636.5024072812766
2024-10-27,166.25981078711365,120.67268846744308,161.1436556737328,114.80305388619705,469.4822035825453,235.0751852533927,369.40401679870774
2024-10-28,163.19809798704293,312.54185262725923,198.38309135380325,338.5079513928212,594.2311747767865,268.90564692982105,486.2695581123043
2024-10-29,166.03551747882034,316.2540486440426,164.27254930382227,192.00353491508122,672.7927535101145,244.9442433827686,386.51135816000294
2024-10-30,156.57938284205235,354.9719605992826,174.6268096205223,148.22675431091153,758.6476127053513,248.11008263535285,302.8312975749127
2024-10-31,160.13613059315105,390.43653348906463,214.03806747753885,130.78128065168366,845.6251011122754,288.47109226814473,251.91379968164875
2024-11-01,168.29807963732347,490.34083178501385,169.3494381179019,378.5155103512559,997.7158924523791,255.89076579834534,479.2810302239154
2024-11-02,192.07359264470648,306.52013932047817,458.70616985057006,235.94998550722644,905.1496747919056,535.4733995900737,427.66239759679263
2024-11-03,194.38722933831946,229.1825891764984,132.0934982646569,389.9067086115046,772.2723940516416,292.735518141679,560.9716676502217
2024-11-04,170.87057804180137,418.0744779074815,309.80455582810185,126.14253631957695,881.4379143384665,397.6252112706055,350.5312033796656
2024-11-05,175.48998462831048,208.3329005048297,264.1587307958646,226.11613513224415,737.1956491079096,383.44629417704624,366.3286164841104
2024-11-06,185.4725103585263,275.5885682822544,492.95144676344256,315.7965169501349,717.9059577470002,607.9853350165564,462.3279635437791
2024-11-07,166.31007317958966,131.3825525369064,144.81556086722094,416.28926593558543,562.1261271851065,327.21116137218786,601.2204513530971
2024-11-08,166.69185910120078,110.140297366183,259.1422396182967,227.50100117282796,447.4159736772469,357.305588029953,467.98918171406683
2024-11-09,194.39924344716943,485.05936587117003,487.78817331014756,350.35655057480363,753.5089500775182,594.9798497191334,537.5522232604303
2024-11-10,225.2796236425603,434.3920482048823,446.2028503575921,454.3910992944748,886.4974182513932,624.6968052733322,669.411988598647
2024-11-11,228.41651959621979,378.38968243747917,426.828828379712,346.34527527292187,910.2881333883151,614.2378699617116,614.1100707123807
2024-11-12,162.15617949948677,263.58117776570793,203.16113081797593,193.1837899014535,809.754057798697,387.4324918064894,438.8278181864058
2024-11-13,157.25411062861977,169.3177280283383,168.35503495602632,109.7603126226152,655.1701627075565,284.58478249797315,285.2914398971775
2024-11-14,181.46656854048308,162.5748170684344,367.4572879697724,448.03954956037194,555.6769146929682,452.83272271916434,562.156125519243
2024-11-15,196.54545909801303,200.09715926583812,471.7503956510343,108.50776434015485,533.503308081619,607.6002124667837,333.3702145478521
2024-11-16,185.34287010747153,319.69066588244823,322.70515720557194,449.88066907367977,639.7926507314196,504.985220945607,583.2287548928206
2024-11-17,193.04358605625748,385.83836908002496,328.64507578795997,311.5748536108848,769.7139595188767,480.1406420716421,544.8663555680131
2024-11-18,179.01783912522086,364.0789506870925,211.99163746411367,475.6270794051585,825.9073263984185,356.03383008560627,693.5736216323637
2024-11-19,182.12480728131683,211.97355877837714,407.79717327677474,419.5132943094662,707.5179546174281,514.6073223024566,696.9427429624117
2024-11-20,209.45118907866478,481.94611226527763,174.81749942300934,499.17364421333497,906.4568850357346,329.1996961137463,777.9507413982997
2024-11-21,171.5134250999239,395.1587666783074,229.47169456169746,240.28472618068406,939.0328976997481,328.23160339582137,551.465022740004
2024-11-22,215.85962232271473,321.7416210045603,270.1745754465667,406.87531557245075,885.1613596244092,368.6440564653131,627.4613246684523
2024-11-23,199.48446603963913,344.6882984937409,303.044151473782,260.77236544369686,875.7851142683865,413.63736841337595,511.7568953110778
2024-11-24,187.04928389835837,267.84002497111595,196.9638929660321,291.9502481215635,793.3110935321479,321.05510349004487,496.6530062459947
2024-11-25,175.37864177991986,199.09239580046298,145.93472989568141,351.002185287348,675.0790519197517,242.25126094269487,549.663387785746
2024-11-26,183.27892589503008,242.38907146050462,344.24801697665305,449.4708456745355,647.4365026123556,416.9233952594615,669.3362007888338
2024-11-27,193.58423781443958,403.13844418574763,215.45222129610232,493.63338767971806,791.600345753161,340.52923987394075,761.3678679952516
2024-11-28,183.27493349216059,105.75739545190234,332.4952885690449,407.3093655458073,580.7176029037989,434.6540605312271,711.8565127439078
2024-11-29,170.20049754211593,146.4290562027665,161.74508610968093,267.1067128669335,494.85961794504584,292.14130426904904,551.8493179644967
2024-11-30,165.5153265144094,118.4010568087011,292.456040741927,268.5428009108281,415.31682757572855,380.0984320226417,489.2825280966267
2024-12-01,160.65820120905425,116.29152092758805,313.03577302063434,395.0329206355566,365.48161747302515,427.06530262742683,590.7459318742073
2024-12-02,157.23013141487934,442.1842336044029,120.72941472897077,195.51085830732092,661.4732040882179,248.8490055171988,431.80923105700384
2024-12-03,163.32574272220097,381.46314375200944,234.64171127756822,144.18964525255785,778.3470662049401,309.2964129327279,316.9133376753594
2024-12-04,178.32570540346407,289.6695316349301,153.7658707755897,241.84886305631062,756.6777713578941,246.55479465540805,368.61419812645437
2024-12-05,150.29810263339067,139.1336642604006,125.3499881891071,214.89559666163268,593.1403270751371,199.31642658572952,362.3412759122144
2024-12-06,168.87161013469637,296.64635004673295,495.9840929559781,218.52324818239603,652.5305462918152,555.779020931697,363.4597585472818
2024-12-07,179.83256811957196,289.3887083122263,228.94153798988918,193.44310041996397,680.9070360873154,395.67524426939826,338.8270038388767
2024-12-08,195.0196545582323,169.28074796400608,423.94977834185397,116.83727585454476,577.8249696163953,542.6523516226735,252.36807739009544
2024-12-09,174.1576755018933,273.5406596951892,201.85626190550553,107.14957389336553,620.2356414650264,364.6519673923076,208.09680484940372
2024-12-10,181.45349294328747,259.40189375894937,372.6010888895717,495.0889558944126,631.5432786379652,481.99667910726396,578.3276778341741
2024-12-11,179.3636047181171,346.3400392208866,404.0911439558746,271.1092534943449,725.2660064036656,548.6901476880538,502.44032462801454
2024-12-12,191.9873790813044,354.0374603470575,338.2554962431377,253.73065886387266,789.1970641892569,502.86254054955384,454.70678871507846
2024-12-13,179.76114120384364,118.1216039088178,288.63047542006336,371.85891307722795,591.6398424223719,439.48923758492947,553.7416285632594
2024-12-14,164.54004861395373,249.8450458505885,264.7363656589074,187.30155514602566,604.8289513040116,396.58313693438623,408.7982065713294
2024-12-15,189.15933237789022,350.3439662856946,239.54730661719813,479.98447358009014,713.2413370681015,358.522247697514,643.5037562086219
2024-12-16,221.43388210011037,301.2545034320351,471.81165769913036,414.5380057662208,729.199305672896,579.3683320083845,671.9395082496696
2024-12-17,206.8494703126879,442.5959364753289,432.24776311509163,135.7644009249038,880.1155198790666,606.058262717607,404.5402042247716
2024-12-18,212.47381150540673,363.477452647578,486.010764266605,267.0323103139714,891.546764575018,667.8282430818871,428.84839200388
2024-12-19,172.33380037083617,165.17377083257188,149.71888939421788,451.6473230248659,700.1018295775826,350.06736231878403,623.186679826418
2024-12-20,202.99297719352114,128.22749896017194,392.3469900814577,477.8928089165641,548.2885967067216,497.3671987770929,727.1674808471313
2024-12-21,200.84413709131525,356.96771128252624,475.3361827284151,286.96060449994786,685.9408693065592,624.546342361543,577.8275968388004
2024-12-22,166.40225790465976,110.60452421664873,172.49322646626405,345.3645556842831,522.1690458005843,359.85712917472694,576.4955944198033
2024-12-23,163.70427307807583,334.3102325093853,126.598506946711,166.81357843683008,647.6116599897359,234.55564569912906,397.4118162047514
2024-12-24,204.96072954281902,476.092096569983,396.44825971602364,496.4674504547906,864.6590925638245,466.8149534257624,655.4321769366911
2024-12-25,195.07335546469847,330.1896711503516,329.7892452719648,192.66868055337736,848.9851266886463,469.83373129969345,454.8415513280538
2024-12-26,216.27989659451126,255.26797048260877,436.7315107033088,477.0927096540503,764.6590464957966,577.6816300932169,659.0293301852719
2024-12-27,189.68643821359976,357.3152873769413,155.9089506505158,359.8586595969474,816.1107152744192,329.2134396784809,623.4703916710562
2024-12-28,194.9331239296366,283.30115619660666,418.1069247439561,343.09471795154366,772.9675853612582,516.8709566475004,592.4828746199662
2024-12-29,186.23231933913087,318.24671572637396,180.65092801909782,305.0754044066034,782.0272669431289,335.71221501334793,542.0685542545899
2024-12-30,185.85342891877502,476.5859235106101,165.4623771462818,192.26792468710346,945.8022836764874,266.17604165028615,409.09534638893945
